{
  "count": 40,
  "mean_iou": 0.937516987323761,
  "median_iou": 0.9949091672897339,
  "p05_iou": 0.5232832819223404,
  "mean_corner_err_px": 9.200200080871582,
  "p95_corner_err_px": 65.61292152404778
}
