{
  "count": 40,
  "mean_iou": 0.9085624814033508,
  "median_iou": 0.9948804974555969,
  "p05_iou": 0.4752330079674721,
  "mean_corner_err_px": 13.526127815246582,
  "p95_corner_err_px": 106.5741989135742
}