{
  "count": 40,
  "mean_iou": 0.912490963935852,
  "median_iou": 0.9918073415756226,
  "p05_iou": 0.4691872164607048,
  "mean_corner_err_px": 7.276768684387207,
  "p95_corner_err_px": 56.537933540344234
}